Month,County,Sales,Year,Population,Sales per capita
2014-01-01,Clear Creek,459640.0,2014,9210,49.906623235613466
2014-01-01,Denver,8482593.0,2014,662855,12.797056671519412
2014-01-01,Gilpin,197379.0,2014,5769,34.21372854914197
2014-01-01,Jefferson,853675.0,2014,558610,1.5282128855552175
2014-01-01,San Miguel,338934.0,2014,7751,43.72777706102438
2014-01-01,Summit,1274208.0,2014,29213,43.61784137199192
2014-02-01,Clear Creek,445976.0,2014,9210,48.42301845819761
2014-02-01,Denver,8349069.0,2014,662855,12.59561895135437
2014-02-01,Gilpin,113337.0,2014,5769,19.645865834633387
2014-02-01,Jefferson,880367.0,2014,558610,1.5759957752277975
2014-02-01,Pueblo,823156.0,2014,161618,5.093219814624609
2014-02-01,San Miguel,230470.0,2014,7751,29.73422784156883
2014-02-01,Summit,1063383.0,2014,29213,36.40102009379386
2014-03-01,Boulder,1396479.0,2014,313190,4.458887576231681
2014-03-01,Clear Creek,524541.0,2014,9210,56.95342019543974
2014-03-01,Denver,10746117.0,2014,662855,16.211866848707484
2014-03-01,Gilpin,131685.0,2014,5769,22.8263130525221
2014-03-01,Jefferson,1056723.0,2014,558610,1.891700828843021
2014-03-01,Pueblo,1196018.0,2014,161618,7.4002771968468855
2014-03-01,San Miguel,319620.0,2014,7751,41.23596955231583
2014-03-01,Summit,1427935.0,2014,29213,48.880121863553896
2014-04-01,Boulder,1835900.0,2014,313190,5.861936843449663
2014-04-01,Clear Creek,369117.0,2014,9210,40.07785016286645
2014-04-01,Denver,12005332.0,2014,662855,18.111550791651265
2014-04-01,Gilpin,114408.0,2014,5769,19.83151326053042
2014-04-01,Jefferson,1368618.0,2014,558610,2.450042068706253
2014-04-01,Pitkin,227021.0,2014,17623,12.882085910457924
2014-04-01,Pueblo,1132339.0,2014,161618,7.0062678662030216
2014-04-01,San Miguel,188733.0,2014,7751,24.349503289898077
2014-04-01,Summit,757131.0,2014,29213,25.917605175777908
2014-04-01,Weld,521853.0,2014,275845,1.8918341822400262
2014-05-01,Boulder,2354205.0,2014,313190,7.516858775822983
2014-05-01,Clear Creek,320076.0,2014,9210,34.753094462540716
2014-05-01,Denver,11300905.0,2014,662855,17.04883420959335
2014-05-01,Garfield,292839.0,2014,57260,5.114198393293748
2014-05-01,Gilpin,116815.0,2014,5769,20.248743283064655
2014-05-01,Jefferson,1435895.0,2014,558610,2.570478509156657
2014-05-01,Pitkin,185390.0,2014,17623,10.519775293650344
2014-05-01,Pueblo,1417017.0,2014,161618,8.767692954992636
2014-05-01,San Miguel,257276.0,2014,7751,33.192620307057155
2014-05-01,Summit,545898.0,2014,29213,18.686817512751173
2014-05-01,Weld,694205.0,2014,275845,2.5166488426471387
2014-06-01,Boulder,2593735.0,2014,313190,8.281666081292506
2014-06-01,Clear Creek,396938.0,2014,9210,43.0985884907709
2014-06-01,Denver,12245778.0,2014,662855,18.474293774656598
2014-06-01,Garfield,392391.0,2014,57260,6.852794271742927
2014-06-01,Gilpin,145630.0,2014,5769,25.243543075056337
2014-06-01,Jefferson,1445315.0,2014,558610,2.587341794812123
2014-06-01,Pitkin,322473.0,2014,17623,18.298416841627418
2014-06-01,Pueblo,1571864.0,2014,161618,9.72579786904924
2014-06-01,San Miguel,451452.0,2014,7751,58.24435556702361
2014-06-01,Summit,686139.0,2014,29213,23.48745421558895
2014-06-01,Weld,795293.0,2014,275845,2.883115517772662
2014-07-01,Boulder,3192671.0,2014,313190,10.194038762412593
2014-07-01,Clear Creek,473299.0,2014,9210,51.38968512486428
2014-07-01,Denver,14518417.0,2014,662855,21.902855073884936
2014-07-01,Garfield,403958.0,2014,57260,7.054802654558156
2014-07-01,Gilpin,160328.0,2014,5769,27.79129831859941
2014-07-01,Gunnison,307664.0,2014,15767,19.513160398300247
2014-07-01,Jefferson,1699749.0,2014,558610,3.0428187823347237
2014-07-01,Larimer,1083910.0,2014,324105,3.344317427994014
2014-07-01,Pitkin,505148.0,2014,17623,28.664132100096467
2014-07-01,Pueblo,1985679.0,2014,161618,12.286249056416983
2014-07-01,San Miguel,548213.0,2014,7751,70.72803509224616
2014-07-01,Summit,981349.0,2014,29213,33.59288672851128
2014-07-01,Weld,1168267.0,2014,275845,4.23522992985191
2014-08-01,Boulder,3644021.0,2014,313190,11.635176729780644
2014-08-01,Clear Creek,480132.0,2014,9210,52.13159609120521
2014-08-01,Denver,15901236.0,2014,662855,23.989011171372322
2014-08-01,Eagle,414091.0,2014,52761,7.848429711339816
2014-08-01,Garfield,603468.0,2014,57260,10.53908487600419
2014-08-01,Gilpin,155054.0,2014,5769,26.877101750736696
2014-08-01,Gunnison,309611.0,2014,15767,19.63664615970064
2014-08-01,Jefferson,1858831.0,2014,558610,3.3276006516174075
2014-08-01,Larimer,1340810.0,2014,324105,4.136961787075176
2014-08-01,Pitkin,502231.0,2014,17623,28.49860977132157
2014-08-01,Pueblo,1685115.0,2014,161618,10.426530460716009
2014-08-01,San Miguel,591931.0,2014,7751,76.36833956908787
2014-08-01,Summit,941538.0,2014,29213,32.23010303631945
2014-08-01,Weld,1291047.0,2014,275845,4.680334970726314
2014-09-01,Boulder,3314834.0,2014,313190,10.58409910916696
2014-09-01,Clear Creek,375860.0,2014,9210,40.8099891422367
2014-09-01,Denver,14364191.0,2014,662855,21.670185787238538
2014-09-01,Eagle,379890.0,2014,52761,7.200204696650935
2014-09-01,Garfield,537711.0,2014,57260,9.390691582256375
2014-09-01,Gilpin,138821.0,2014,5769,24.063269197434565
2014-09-01,Gunnison,255533.0,2014,15767,16.20682438003425
2014-09-01,Jefferson,1701706.0,2014,558610,3.046322120978858
2014-09-01,Larimer,1378589.0,2014,324105,4.2535258635318804
2014-09-01,Pitkin,316259.0,2014,17623,17.945809453555015
2014-09-01,Pueblo,1386314.0,2014,161618,8.577720303431548
2014-09-01,San Miguel,501532.0,2014,7751,64.7054573603406
2014-09-01,Summit,726128.0,2014,29213,24.856331085475645
2014-09-01,Weld,1201206.0,2014,275845,4.354641193423843
2014-10-01,Boulder,3477557.0,2014,313190,11.103665506561512
2014-10-01,Clear Creek,338132.0,2014,9210,36.71357220412595
2014-10-01,Denver,14895186.0,2014,662855,22.471258420016444
2014-10-01,Eagle,356123.0,2014,52761,6.74973939083793
2014-10-01,Garfield,553834.0,2014,57260,9.67226685295145
2014-10-01,Gunnison,184394.0,2014,15767,11.694932453859327
2014-10-01,Jefferson,1714442.0,2014,558610,3.0691215696102825
2014-10-01,Larimer,1523402.0,2014,324105,4.700334768053563
2014-10-01,Pitkin,246079.0,2014,17623,13.963513590194632
2014-10-01,Pueblo,1245865.0,2014,161618,7.708702001014738
2014-10-01,San Miguel,278409.0,2014,7751,35.91910721197265
2014-10-01,Summit,632225.0,2014,29213,21.64190600075309
2014-10-01,Weld,1126809.0,2014,275845,4.084935380376661
2014-11-01,Adams,1304091.0,2014,479777,2.7181190428053035
2014-11-01,Arapahoe,805369.0,2014,617936,1.3033210559022295
2014-11-01,Boulder,3196349.0,2014,313190,10.205782432389285
2014-11-01,Clear Creek,298012.0,2014,9210,32.35743756786102
2014-11-01,Denver,13742869.0,2014,662855,20.732843532899352
2014-11-01,Eagle,373883.0,2014,52761,7.086351661264949
2014-11-01,Garfield,507297.0,2014,57260,8.859535452322739
2014-11-01,Gunnison,133062.0,2014,15767,8.439271897000063
2014-11-01,Jefferson,1679786.0,2014,558610,3.0070818639122106
2014-11-01,La Plata,647493.0,2014,53978,11.995498165919448
2014-11-01,Larimer,1493948.0,2014,324105,4.6094568118356705
2014-11-01,Pitkin,216781.0,2014,17623,12.30102706690121
2014-11-01,Pueblo,1137217.0,2014,161618,7.036450147879568
2014-11-01,San Miguel,169659.0,2014,7751,21.888659527802865
2014-11-01,Summit,706675.0,2014,29213,24.190428918632115
2014-11-01,Weld,992006.0,2014,275845,3.5962442676140585
2014-12-01,Adams,1445817.0,2014,479777,3.0135187806001538
2014-12-01,Arapahoe,1416559.0,2014,617936,2.29240406773517
2014-12-01,Boulder,3592405.0,2014,313190,11.470369424311121
2014-12-01,Clear Creek,371997.0,2014,9210,40.39055374592834
2014-12-01,Denver,14797861.0,2014,662855,22.32443143673956
2014-12-01,Eagle,710631.0,2014,52761,13.468869051003582
2014-12-01,Garfield,560065.0,2014,57260,9.781086273140064
2014-12-01,Gilpin,103121.0,2014,5769,17.875021667533368
2014-12-01,Gunnison,228173.0,2014,15767,14.471554512589586
2014-12-01,Jefferson,1990092.0,2014,558610,3.562578543169653
2014-12-01,La Plata,838948.0,2014,53978,15.542406165474823
2014-12-01,Larimer,1613144.0,2014,324105,4.977226516098178
2014-12-01,Pitkin,599569.0,2014,17623,34.02195993871645
2014-12-01,Pueblo,1158670.0,2014,161618,7.169189075474266
2014-12-01,Routt,493734.0,2014,24010,20.56368179925031
2014-12-01,San Miguel,292834.0,2014,7751,37.78015739904529
2014-12-01,Summit,1256397.0,2014,29213,43.00814705781673
2015-01-01,Adams,1189877.0,2015,489923,2.4287020613443335
2015-01-01,Arapahoe,1844768.0,2015,629066,2.9325507975315785
2015-01-01,Boulder,3565252.0,2015,318570,11.191424176790031
2015-01-01,Clear Creek,455108.0,2015,9392,48.45698466780239
2015-01-01,Denver,15485689.0,2015,680658,22.7510570653691
2015-01-01,Eagle,825587.0,2015,53320,15.483627156789197
2015-01-01,Garfield,616641.0,2015,57779,10.672406929853407
2015-01-01,Gilpin,112455.0,2015,5824,19.30889423076923
2015-01-01,Gunnison,273043.0,2015,16097,16.962353233521775
2015-01-01,Jefferson,2108127.0,2015,564619,3.7337160102653293
2015-01-01,La Plata,798627.0,2015,54857,14.558342599850521
2015-01-01,Larimer,1728021.0,2015,332830,5.191902773187513
2015-01-01,Las Animas,224113.0,2015,14061,15.93862456439798
2015-01-01,Pitkin,813722.0,2015,17845,45.59943961894088
2015-01-01,Pueblo,1063092.0,2015,163196,6.5142037795044
2015-01-01,San Miguel,374588.0,2015,7843,47.760805814101744
2015-02-01,Arapahoe,2114064.0,2015,629066,3.3606394241621707
2015-02-01,Boulder,3209140.0,2015,318570,10.073578805286122
2015-02-01,Clear Creek,416086.0,2015,9392,44.30217206132879
2015-02-01,Denver,14411812.0,2015,680658,21.17335284386579
2015-02-01,Eagle,735296.0,2015,53320,13.790247561890473
2015-02-01,Garfield,535881.0,2015,57779,9.274667266653974
2015-02-01,Gilpin,104647.0,2015,5824,17.96823489010989
2015-02-01,Gunnison,224407.0,2015,16097,13.940920668447538
2015-02-01,Jefferson,1960725.0,2015,564619,3.472651469397948
2015-02-01,La Plata,840795.0,2015,54857,15.327032101646099
2015-02-01,Larimer,1685559.0,2015,332830,5.064324129435447
2015-02-01,Las Animas,287148.0,2015,14061,20.42159163644122
2015-02-01,Montezuma,159174.0,2015,26129,6.09185196524934
2015-02-01,Pitkin,705757.0,2015,17845,39.549285514149624
2015-02-01,Pueblo,1039417.0,2015,163196,6.369132821882889
2015-02-01,San Miguel,300473.0,2015,7843,38.310977942113986
2015-03-01,Adams,1497796.0,2015,489923,3.057206948847064
2015-03-01,Arapahoe,2615133.0,2015,629066,4.157167928325486
2015-03-01,Boulder,3856723.0,2015,318570,12.106359669774305
2015-03-01,Clear Creek,485304.0,2015,9392,51.67206132879046
2015-03-01,Denver,17121933.0,2015,680658,25.154972100526255
2015-03-01,Eagle,862396.0,2015,53320,16.17396849212303
2015-03-01,Garfield,642659.0,2015,57779,11.122708942695443
2015-03-01,Gilpin,117004.0,2015,5824,20.08997252747253
2015-03-01,Gunnison,296334.0,2015,16097,18.409268807852396
2015-03-01,Jefferson,2224610.0,2015,564619,3.940019730118894
2015-03-01,La Plata,1020552.0,2015,54857,18.60386094755455
2015-03-01,Larimer,1943174.0,2015,332830,5.838337890214223
2015-03-01,Las Animas,415008.0,2015,14061,29.51482824834649
2015-03-01,Montezuma,254446.0,2015,26129,9.738068812430633
2015-03-01,Park,146105.0,2015,16716,8.740428332136874
2015-03-01,Pitkin,896693.0,2015,17845,50.248977304567106
2015-03-01,Pueblo,1355119.0,2015,163196,8.303628765410917
2015-03-01,Routt,616913.0,2015,24310,25.376923076923077
2015-03-01,San Miguel,375409.0,2015,7843,47.86548514599006
2015-04-01,Adams,1611106.0,2015,489923,3.288488191001443
2015-04-01,Arapahoe,3257101.0,2015,629066,5.177677699955171
2015-04-01,Boulder,3973545.0,2015,318570,12.47306714379885
2015-04-01,Chaffee,250729.0,2015,18603,13.477879911842177
2015-04-01,Clear Creek,365896.0,2015,9392,38.95826235093697
2015-04-01,Denver,18946519.0,2015,680658,27.835592911564987
2015-04-01,Eagle,516095.0,2015,53320,9.679201050262566
2015-04-01,Garfield,644631.0,2015,57779,11.156838989944443
2015-04-01,Gilpin,130946.0,2015,5824,22.48385989010989
2015-04-01,Gunnison,160176.0,2015,16097,9.95067403864074
2015-04-01,Jefferson,2429996.0,2015,564619,4.303780071163032
2015-04-01,La Plata,930516.0,2015,54857,16.962575423373497
2015-04-01,Larimer,2045132.0,2015,332830,6.144674458432233
2015-04-01,Las Animas,471514.0,2015,14061,33.533461346988126
2015-04-01,Montezuma,313150.0,2015,26129,11.984767882429484
2015-04-01,Park,121375.0,2015,16716,7.261007418042594
2015-04-01,Pitkin,426689.0,2015,17845,23.910843373493975
2015-04-01,Pueblo,1318252.0,2015,163196,8.077722493198364
2015-04-01,Routt,433152.0,2015,24310,17.817852735499795
2015-04-01,San Miguel,150531.0,2015,7843,19.193038378171618
2015-05-01,Adams,1687270.0,2015,489923,3.4439493553068545
2015-05-01,Arapahoe,3615509.0,2015,629066,5.747423958694318
2015-05-01,Boulder,4281906.0,2015,318570,13.44102081175252
2015-05-01,Chaffee,312605.0,2015,18603,16.8040101058969
2015-05-01,Clear Creek,348152.0,2015,9392,37.068994889267465
2015-05-01,Denver,17590490.0,2015,680658,25.843360395382117
2015-05-01,Eagle,432292.0,2015,53320,8.107501875468866
2015-05-01,Garfield,720995.0,2015,57779,12.478495647207463
2015-05-01,Gilpin,143079.0,2015,5824,24.56713598901099
2015-05-01,Gunnison,176131.0,2015,16097,10.94185251910294
2015-05-01,Jefferson,2538231.0,2015,564619,4.495475710169158
2015-05-01,La Plata,1155547.0,2015,54857,21.064713710191953
2015-05-01,Larimer,2292433.0,2015,332830,6.887699426133461
2015-05-01,Las Animas,606835.0,2015,14061,43.157314557997296
2015-05-01,Montezuma,403035.0,2015,26129,15.424815339278197
2015-05-01,Park,154563.0,2015,16716,9.246410624551329
2015-05-01,Pitkin,329419.0,2015,17845,18.460016811431775
2015-05-01,Pueblo,1482501.0,2015,163196,9.084174857226893
2015-05-01,Routt,419611.0,2015,24310,17.26083916083916
2015-05-01,San Miguel,153689.0,2015,7843,19.59569042458243
2015-06-01,Arapahoe,3753244.0,2015,629066,5.966375547239876
2015-06-01,Boulder,4273572.0,2015,318570,13.41486015632357
2015-06-01,Clear Creek,441514.0,2015,9392,47.00958262350937
2015-06-01,Denver,17280785.0,2015,680658,25.388352153357488
2015-06-01,Eagle,534649.0,2015,53320,10.02717554388597
2015-06-01,Garfield,798425.0,2015,57779,13.818601914190277
2015-06-01,Gilpin,183787.0,2015,5824,31.556833791208792
2015-06-01,Grand,142695.0,2015,14602,9.77229146692234
2015-06-01,Gunnison,273865.0,2015,16097,17.013418649437785
2015-06-01,Jefferson,2584940.0,2015,564619,4.578202292165159
2015-06-01,La Plata,1283234.0,2015,54857,23.392347375904624
2015-06-01,Larimer,2321397.0,2015,332830,6.974722831475528
2015-06-01,Las Animas,714276.0,2015,14061,50.798378493706
2015-06-01,Montezuma,463559.0,2015,26129,17.741168816257797
2015-06-01,Park,191938.0,2015,16716,11.482292414453218
2015-06-01,Pitkin,570064.0,2015,17845,31.94530680862987
2015-06-01,Pueblo,1517777.0,2015,163196,9.300332115983235
2015-06-01,Routt,485969.0,2015,24310,19.99049773755656
2015-07-01,Adams,1822902.0,2015,489923,3.720792859286051
2015-07-01,Arapahoe,4482419.0,2015,629066,7.125514651880724
2015-07-01,Boulder,4926814.0,2015,318570,15.4654047775999
2015-07-01,Clear Creek,558033.0,2015,9392,59.415779386712096
2015-07-01,Denver,19851838.0,2015,680658,29.165657349212086
2015-07-01,Eagle,745007.0,2015,53320,13.972374343585896
2015-07-01,Garfield,953213.0,2015,57779,16.49756832067014
2015-07-01,Gilpin,185927.0,2015,5824,31.924278846153847
2015-07-01,Grand,230218.0,2015,14602,15.766196411450487
2015-07-01,Gunnison,454862.0,2015,16097,28.25756352115301
2015-07-01,Jefferson,2891081.0,2015,564619,5.120410400641849
2015-07-01,La Plata,1529417.0,2015,54857,27.880070000182293
2015-07-01,Larimer,2714363.0,2015,332830,8.155403659525884
2015-07-01,Las Animas,1009958.0,2015,14061,71.82689709124529
2015-07-01,Montezuma,572832.0,2015,26129,21.923227065712428
2015-07-01,Park,235832.0,2015,16716,14.108159846853313
2015-07-01,Pitkin,850341.0,2015,17845,47.651499019333144
2015-07-01,Pueblo,1852589.0,2015,163196,11.35192651780681
2015-07-01,Routt,631836.0,2015,24310,25.990785684903333
2015-08-01,Adams,2007490.0,2015,489923,4.097562269989366
2015-08-01,Arapahoe,5068738.0,2015,629066,8.05756152772523
2015-08-01,Boulder,5076823.0,2015,318570,15.936287158238377
2015-08-01,Chaffee,529711.0,2015,18603,28.474493361285813
2015-08-01,Clear Creek,549270.0,2015,9392,58.482751277683136
2015-08-01,Denver,20586503.0,2015,680658,30.245002629808216
2015-08-01,Eagle,755726.0,2015,53320,14.173405851462865
2015-08-01,Garfield,919088.0,2015,57779,15.906955814396234
2015-08-01,Gilpin,209981.0,2015,5824,36.05442994505494
2015-08-01,Grand,234153.0,2015,14602,16.03568004382961
2015-08-01,Gunnison,454015.0,2015,16097,28.20494502081133
2015-08-01,Jefferson,3008160.0,2015,564619,5.327769699567319
2015-08-01,La Plata,1517581.0,2015,54857,27.664309021638076
2015-08-01,Larimer,2921981.0,2015,332830,8.779199591382989
2015-08-01,Las Animas,1043528.0,2015,14061,74.21435175307589
2015-08-01,Montezuma,602753.0,2015,26129,23.068353170806382
2015-08-01,Park,220562.0,2015,16716,13.194663795166308
2015-08-01,Pitkin,815391.0,2015,17845,45.692967217708045
2015-08-01,Pueblo,1894167.0,2015,163196,11.606699919115664
2015-08-01,Routt,649959.0,2015,24310,26.73628136569313
2015-09-01,Adams,2066128.0,2015,489923,4.217250465889538
2015-09-01,Arapahoe,5321883.0,2015,629066,8.459975582848223
2015-09-01,Boulder,4564394.0,2015,318570,14.327758420441347
2015-09-01,Chaffee,391518.0,2015,18603,21.0459603289792
2015-09-01,Clear Creek,490483.0,2015,9392,52.22348807495741
2015-09-01,Denver,19062651.0,2015,680658,28.00621016722054
2015-09-01,Eagle,632711.0,2015,53320,11.866297824456113
2015-09-01,Garfield,888159.0,2015,57779,15.371657522629329
2015-09-01,Gilpin,206010.0,2015,5824,35.37259615384615
2015-09-01,Grand,182101.0,2015,14602,12.470962881797014
2015-09-01,Gunnison,333527.0,2015,16097,20.719823569609243
2015-09-01,Jefferson,2859786.0,2015,564619,5.064983643837703
2015-09-01,La Plata,1596319.0,2015,54857,29.09964088448147
2015-09-01,Larimer,2735329.0,2015,332830,8.218396779136496
2015-09-01,Las Animas,1018744.0,2015,14061,72.45174596401394
2015-09-01,Montezuma,605971.0,2015,26129,23.191511347544875
2015-09-01,Ouray,342064.0,2015,4647,73.60964062836238
2015-09-01,Park,185916.0,2015,16716,11.122038765254846
2015-09-01,Pitkin,627987.0,2015,17845,35.191202017371815
2015-09-01,Pueblo,1721621.0,2015,163196,10.549406848207063
2015-09-01,Routt,576410.0,2015,24310,23.710818593171535
2015-10-01,Adams,2446592.0,2015,489923,4.993829642617309
2015-10-01,Arapahoe,5728782.0,2015,629066,9.106805963126286
2015-10-01,Boulder,4777912.0,2015,318570,14.997997300436325
2015-10-01,Chaffee,325900.0,2015,18603,17.518679782830727
2015-10-01,Clear Creek,419695.0,2015,9392,44.686435264054516
2015-10-01,Denver,19085375.0,2015,680658,28.039595509051537
2015-10-01,Eagle,590827.0,2015,53320,11.080776444111027
2015-10-01,Garfield,872142.0,2015,57779,15.094446079025252
2015-10-01,Gilpin,185948.0,2015,5824,31.927884615384617
2015-10-01,Grand,166746.0,2015,14602,11.419394603478976
2015-10-01,Jefferson,3091341.0,2015,564619,5.475092053225272
2015-10-01,La Plata,1541740.0,2015,54857,28.104708606011993
2015-10-01,Larimer,2885257.0,2015,332830,8.66886098007992
2015-10-01,Las Animas,1035512.0,2015,14061,73.64426427707845
2015-10-01,Montezuma,627049.0,2015,26129,23.9982012323472
2015-10-01,Park,201525.0,2015,16716,12.055814788226849
2015-10-01,Pitkin,443764.0,2015,17845,24.86769403194172
2015-10-01,Pueblo,1710792.0,2015,163196,10.48305105517292
2015-10-01,Routt,563187.0,2015,24310,23.16688605512135
2015-11-01,Adams,2426969.0,2015,489923,4.953776409762351
2015-11-01,Arapahoe,5485411.0,2015,629066,8.719929228411646
2015-11-01,Boulder,4312311.0,2015,318570,13.536462943780016
2015-11-01,Chaffee,257406.0,2015,18603,13.836800516045798
2015-11-01,Clear Creek,382303.0,2015,9392,40.70517461669506
2015-11-01,Denver,17834233.0,2015,680658,26.20145947010099
2015-11-01,Eagle,608573.0,2015,53320,11.413597149287321
2015-11-01,Garfield,706287.0,2015,57779,12.223939493587636
2015-11-01,Gilpin,165186.0,2015,5824,28.36298076923077
2015-11-01,Grand,149468.0,2015,14602,10.2361320367073
2015-11-01,Gunnison,250041.0,2015,16097,15.533391315151892
2015-11-01,Jefferson,2816172.0,2015,564619,4.9877386343711425
2015-11-01,La Plata,1192549.0,2015,54857,21.739231091747634
2015-11-01,Larimer,2561270.0,2015,332830,7.69543009945017
2015-11-01,Las Animas,850923.0,2015,14061,60.516535097077025
2015-11-01,Montezuma,528833.0,2015,26129,20.239312641126716
2015-11-01,Park,168909.0,2015,16716,10.104630294328787
2015-11-01,Pitkin,348178.0,2015,17845,19.51123564023536
2015-11-01,Pueblo,1447179.0,2015,163196,8.867735728816882
2015-11-01,Routt,437492.0,2015,24310,17.996380090497738
2015-12-01,Adams,2706310.0,2015,489923,5.523949681888786
2015-12-01,Arapahoe,6055214.0,2015,629066,9.625721307462173
2015-12-01,Boulder,4621551.0,2015,318570,14.507175816931914
2015-12-01,Clear Creek,492005.0,2015,9392,52.38554088586031
2015-12-01,Denver,19339032.0,2015,680658,28.412259901448305
2015-12-01,Eagle,948426.0,2015,53320,17.787434358589646
2015-12-01,Garfield,801776.0,2015,57779,13.87659876425691
2015-12-01,Gilpin,145319.0,2015,5824,24.951751373626372
2015-12-01,Grand,274910.0,2015,14602,18.82687303109163
2015-12-01,Gunnison,365817.0,2015,16097,22.725787413803815
2015-12-01,Jefferson,3153194.0,2015,564619,5.584640261840285
2015-12-01,La Plata,1460381.0,2015,54857,26.62159797291139
2015-12-01,Larimer,2818206.0,2015,332830,8.467403779707357
2015-12-01,Las Animas,921083.0,2015,14061,65.50622288599673
2015-12-01,Montezuma,559469.0,2015,26129,21.41180297753454
2015-12-01,Park,188927.0,2015,16716,11.302165589854033
2015-12-01,Pitkin,895847.0,2015,17845,50.20156906696554
2015-12-01,Pueblo,1530280.0,2015,163196,9.376945513370426
2015-12-01,Routt,655561.0,2015,24310,26.96672151378034
2016-01-01,Adams,2544485.0,2016,497673,5.112764807413703
2016-01-01,Arapahoe,5949573.0,2016,637254,9.336266229792201
2016-01-01,Boulder,4499880.0,2016,321989,13.975260024410773
2016-01-01,Chaffee,268240.0,2016,19097,14.046185264701261
2016-01-01,Clear Creek,550192.0,2016,9443,58.26453457587631
2016-01-01,Denver,18969263.0,2016,693292,27.3611450874956
2016-01-01,Eagle,1214652.0,2016,53928,22.523587004895415
2016-01-01,Garfield,821090.0,2016,58984,13.920554726705546
2016-01-01,Gilpin,136475.0,2016,5926,23.029868376645293
2016-01-01,Grand,287813.0,2016,15039,19.137775118026465
2016-01-01,Gunnison,400086.0,2016,16394,24.404416249847504
2016-01-01,Jefferson,3020022.0,2016,571711,5.282427660128981
2016-01-01,La Plata,1396817.0,2016,55697,25.078855234572778
2016-01-01,Larimer,2708125.0,2016,338663,7.996518663095761
2016-01-01,Las Animas,922872.0,2016,14082,65.53557733276523
2016-01-01,Montezuma,532773.0,2016,26906,19.80127109194975
2016-01-01,Park,187006.0,2016,17285,10.81897599074342
2016-01-01,Pitkin,1008558.0,2016,17773,56.74663815900523
2016-01-01,Pueblo,1466234.0,2016,165109,8.880400220460423
2016-01-01,Routt,792416.0,2016,24679,32.10891851371611
2016-02-01,Adams,2597102.0,2016,497673,5.218490856445899
2016-02-01,Arapahoe,6229934.0,2016,637254,9.77621796018542
2016-02-01,Boulder,4477304.0,2016,321989,13.905145827963066
2016-02-01,Chaffee,281840.0,2016,19097,14.758339006126617
2016-02-01,Clear Creek,535811.0,2016,9443,56.741607539976705
2016-02-01,Conejos,163449.0,2016,8039,20.332006468466226
2016-02-01,Costilla,153417.0,2016,3707,41.38575667655786
2016-02-01,Denver,19129746.0,2016,693292,27.592624752629483
2016-02-01,Eagle,1176777.0,2016,53928,21.82126168224299
2016-02-01,Garfield,860185.0,2016,58984,14.583361589583616
2016-02-01,Gilpin,172887.0,2016,5926,29.174316571042862
2016-02-01,Grand,279018.0,2016,15039,18.552962298025136
2016-02-01,Gunnison,413264.0,2016,16394,25.208246919604733
2016-02-01,Jefferson,2970642.0,2016,571711,5.196055349643439
2016-02-01,La Plata,1484507.0,2016,55697,26.653266782771066
2016-02-01,Larimer,2878307.0,2016,338663,8.499030009183171
2016-02-01,Las Animas,1012648.0,2016,14082,71.91080812384604
2016-02-01,Montezuma,600808.0,2016,26906,22.32988924403479
2016-02-01,Park,176302.0,2016,17285,10.199710731848423
2016-02-01,Pitkin,964350.0,2016,17773,54.259269678726156
2016-02-01,Pueblo,1686427.0,2016,165109,10.214022251966883
2016-02-01,Routt,772020.0,2016,24679,31.282466874670774
2016-03-01,Adams,2909379.0,2016,497673,5.845965121676281
2016-03-01,Arapahoe,7112616.0,2016,637254,11.161351674528524
2016-03-01,Boulder,5138199.0,2016,321989,15.957684889856486
2016-03-01,Chaffee,350973.0,2016,19097,18.378436403623606
2016-03-01,Clear Creek,561094.0,2016,9443,59.41904055914434
2016-03-01,Conejos,211950.0,2016,8039,26.36521955467098
2016-03-01,Costilla,195952.0,2016,3707,52.85999460480173
2016-03-01,Denver,21459311.0,2016,693292,30.952774588485084
2016-03-01,Eagle,1283537.0,2016,53928,23.80093828808782
2016-03-01,Garfield,1095523.0,2016,58984,18.57322324698223
2016-03-01,Gilpin,188204.0,2016,5926,31.759028012149848
2016-03-01,Grand,360353.0,2016,15039,23.961234124609348
2016-03-01,Gunnison,490823.0,2016,16394,29.939185067707697
2016-03-01,Jefferson,3327498.0,2016,571711,5.82024484398586
2016-03-01,La Plata,1679875.0,2016,55697,30.160960195342657
2016-03-01,Larimer,3197373.0,2016,338663,9.441164225203226
2016-03-01,Las Animas,1284687.0,2016,14082,91.22901576480614
2016-03-01,Montezuma,728890.0,2016,26906,27.090240095146065
2016-03-01,Park,229022.0,2016,17285,13.24975412207116
2016-03-01,Pitkin,1082334.0,2016,17773,60.89765374444382
2016-03-01,Pueblo,2074591.0,2016,165109,12.564978287070966
2016-03-01,Routt,759132.0,2016,24679,30.760241500871185
2016-04-01,Adams,3187313.0,2016,497673,6.404432227587191
2016-04-01,Arapahoe,7531661.0,2016,637254,11.81893091294837
2016-04-01,Boulder,5082136.0,2016,321989,15.783570246188534
2016-04-01,Chaffee,300638.0,2016,19097,15.742682096664398
2016-04-01,Clear Creek,423714.0,2016,9443,44.87069787143916
2016-04-01,Conejos,221411.0,2016,8039,27.542107227267074
2016-04-01,Costilla,184198.0,2016,3707,49.6892365794443
2016-04-01,Denver,22606396.0,2016,693292,32.60732274424052
2016-04-01,Eagle,820436.0,2016,53928,15.213543984572022
2016-04-01,Garfield,1153014.0,2016,58984,19.547911297979113
2016-04-01,Gilpin,190800.0,2016,5926,32.19709753628079
2016-04-01,Grand,233601.0,2016,15039,15.533014163175743
2016-04-01,Gunnison,325678.0,2016,16394,19.865682566792728
2016-04-01,Jefferson,3572554.0,2016,571711,6.24888099057041
2016-04-01,La Plata,1598561.0,2016,55697,28.7010251898666
2016-04-01,Larimer,3233416.0,2016,338663,9.547591558570025
2016-04-01,Las Animas,1258520.0,2016,14082,89.37082800738531
2016-04-01,Montezuma,727306.0,2016,26906,27.0313684679997
2016-04-01,Park,199423.0,2016,17285,11.537344518368528
2016-04-01,Pitkin,501414.0,2016,17773,28.21211950711754
2016-04-01,Pueblo,2069169.0,2016,165109,12.532139374594964
2016-04-01,Routt,550366.0,2016,24679,22.300984642813727
2016-05-01,Adams,3360096.0,2016,497673,6.751614011610033
2016-05-01,Arapahoe,7426175.0,2016,637254,11.653398801733688
2016-05-01,Boulder,5315292.0,2016,321989,16.507681939445135
2016-05-01,Chaffee,333276.0,2016,19097,17.45174634759386
2016-05-01,Clear Creek,452848.0,2016,9443,47.95594620353701
2016-05-01,Conejos,257716.0,2016,8039,32.058216196044285
2016-05-01,Costilla,223862.0,2016,3707,60.38899379552198
2016-05-01,Denver,21615189.0,2016,693292,31.177612030717217
2016-05-01,Eagle,650881.0,2016,53928,12.069444444444445
2016-05-01,Garfield,1210134.0,2016,58984,20.516309507663095
2016-05-01,Gilpin,225826.0,2016,5926,38.10766115423557
2016-05-01,Grand,189787.0,2016,15039,12.619655562204933
2016-05-01,Gunnison,344705.0,2016,16394,21.02629010613639
2016-05-01,Jefferson,3572041.0,2016,571711,6.247983684064152
2016-05-01,La Plata,1740113.0,2016,55697,31.24249061888432
2016-05-01,Lake,147684.0,2016,7595,19.444897959183674
2016-05-01,Larimer,3465166.0,2016,338663,10.23190014852523
2016-05-01,Las Animas,1456567.0,2016,14082,103.43466837097003
2016-05-01,Montezuma,842550.0,2016,26906,31.31457667434773
2016-05-01,Morgan,543167.0,2016,28148,19.296823930652266
2016-05-01,Ouray,325887.0,2016,4844,67.27642444260941
2016-05-01,Park,237775.0,2016,17285,13.756146948221001
2016-05-01,Pitkin,392581.0,2016,17773,22.088617565970853
2016-05-01,Pueblo,2184317.0,2016,165109,13.229545330660352
2016-05-01,Routt,514632.0,2016,24679,20.853032942987966
2016-06-01,Adams,3434567.0,2016,497673,6.9012524288036525
2016-06-01,Arapahoe,7565406.0,2016,637254,11.871884680206009
2016-06-01,Boulder,5541278.0,2016,321989,17.20952579125374
2016-06-01,Chaffee,455848.0,2016,19097,23.87013667068126
2016-06-01,Clear Creek,553669.0,2016,9443,58.632743831409506
2016-06-01,Conejos,332403.0,2016,8039,41.34879960194054
2016-06-01,Costilla,265269.0,2016,3707,71.55894254113839
2016-06-01,Denver,21841675.0,2016,693292,31.504294005988818
2016-06-01,Eagle,842569.0,2016,53928,15.62396157840083
2016-06-01,Garfield,1333408.0,2016,58984,22.606266106062662
2016-06-01,Gilpin,243952.0,2016,5926,41.166385420182245
2016-06-01,Grand,261059.0,2016,15039,17.358800452157723
2016-06-01,Gunnison,479935.0,2016,16394,29.275039648651944
2016-06-01,Jefferson,3753947.0,2016,571711,6.566161924468831
2016-06-01,La Plata,1939519.0,2016,55697,34.82268344794154
2016-06-01,Lake,206574.0,2016,7595,27.198683344305465
2016-06-01,Larimer,3648840.0,2016,338663,10.774250508617712
2016-06-01,Las Animas,1622815.0,2016,14082,115.24037778724613
2016-06-01,Montezuma,914168.0,2016,26906,33.97636214970638
2016-06-01,Morgan,549251.0,2016,28148,19.512967173511438
2016-06-01,Park,299449.0,2016,17285,17.324211744286956
2016-06-01,Pitkin,673427.0,2016,17773,37.89045180892365
2016-06-01,Pueblo,2365115.0,2016,165109,14.324567406985688
2016-06-01,Routt,649366.0,2016,24679,26.312492402447425
2016-07-01,Adams,4154813.0,2016,497673,8.348479825106043
2016-07-01,Arapahoe,8738376.0,2016,637254,13.712547900837029
2016-07-01,Boulder,6365624.0,2016,321989,19.76969399575762
2016-07-01,Clear Creek,672704.0,2016,9443,71.23837763422641
2016-07-01,Conejos,436196.0,2016,8039,54.259982584898616
2016-07-01,Costilla,383906.0,2016,3707,103.56244942001618
2016-07-01,Denver,25938973.0,2016,693292,37.41421075102554
2016-07-01,Eagle,1111856.0,2016,53928,20.617415813677496
2016-07-01,Garfield,1628885.0,2016,58984,27.615709344907092
2016-07-01,Gilpin,267260.0,2016,5926,45.0995612554843
2016-07-01,Grand,381080.0,2016,15039,25.339450761353813
2016-07-01,Gunnison,459794.0,2016,16394,28.04648041966573
2016-07-01,Jefferson,4318330.0,2016,571711,7.553344259599693
2016-07-01,La Plata,2306604.0,2016,55697,41.41343339856725
2016-07-01,Lake,274691.0,2016,7595,36.16734693877551
2016-07-01,Larimer,4181160.0,2016,338663,12.346078550063043
2016-07-01,Las Animas,2179979.0,2016,14082,154.80606447947736
2016-07-01,Montezuma,1187679.0,2016,26906,44.14178993533041
2016-07-01,Morgan,634140.0,2016,28148,22.528776467244565
2016-07-01,Ouray,505470.0,2016,4844,104.34971098265896
2016-07-01,Park,381198.0,2016,17285,22.0536881689326
2016-07-01,Pitkin,1062245.0,2016,17773,59.76734372362572
2016-07-01,Pueblo,2995085.0,2016,165109,18.140046878122938
2016-07-01,Routt,882414.0,2016,24679,35.75566270918595
2016-08-01,Adams,4444010.0,2016,497673,8.929578257209052
2016-08-01,Arapahoe,9084765.0,2016,637254,14.25611294711371
2016-08-01,Boulder,6420613.0,2016,321989,19.940473121752607
2016-08-01,Clear Creek,660536.0,2016,9443,69.949804087684
2016-08-01,Conejos,424132.0,2016,8039,52.75929842020152
2016-08-01,Costilla,369689.0,2016,3707,99.72727272727273
2016-08-01,Denver,27642402.0,2016,693292,39.87122597693324
2016-08-01,Eagle,1120217.0,2016,53928,20.772455867082034
2016-08-01,Garfield,1712513.0,2016,58984,29.033517564085177
2016-08-01,Gilpin,284116.0,2016,5926,47.943975700303746
2016-08-01,Grand,401001.0,2016,15039,26.664073409136247
2016-08-01,Gunnison,477649.0,2016,16394,29.135598389654753
2016-08-01,Jefferson,4468831.0,2016,571711,7.816590899947701
2016-08-01,La Plata,2212954.0,2016,55697,39.73201429161355
2016-08-01,Lake,297877.0,2016,7595,39.2201448321264
2016-08-01,Larimer,4318202.0,2016,338663,12.750734505983825
2016-08-01,Las Animas,2193813.0,2016,14082,155.78845334469537
2016-08-01,Montezuma,1297984.0,2016,26906,48.24143313759013
2016-08-01,Ouray,492384.0,2016,4844,101.64822460776217
2016-08-01,Park,378230.0,2016,17285,21.881978594156784
2016-08-01,Pitkin,1017858.0,2016,17773,57.26990378664266
2016-08-01,Pueblo,2940830.0,2016,165109,17.811445772186858
2016-08-01,Routt,888583.0,2016,24679,36.00563231897565
2016-09-01,Adams,4668880.0,2016,497673,9.381421133957438
2016-09-01,Arapahoe,9183907.0,2016,637254,14.411689844237934
2016-09-01,Boulder,6306894.0,2016,321989,19.58729646043809
2016-09-01,Chaffee,489993.0,2016,19097,25.658113839870136
2016-09-01,Clear Creek,608871.0,2016,9443,64.47855554378906
2016-09-01,Conejos,435435.0,2016,8039,54.16531906953601
2016-09-01,Costilla,342066.0,2016,3707,92.27569463177772
2016-09-01,Denver,29423313.0,2016,693292,42.44000075004472
2016-09-01,Eagle,995070.0,2016,53928,18.451824655095685
2016-09-01,Garfield,1754542.0,2016,58984,29.746066729960667
2016-09-01,Gilpin,300505.0,2016,5926,50.709584880189
2016-09-01,Gunnison,627401.0,2016,16394,38.270159814566306
2016-09-01,Jefferson,4537417.0,2016,571711,7.936557106650039
2016-09-01,La Plata,2226213.0,2016,55697,39.970070201267575
2016-09-01,Lake,251980.0,2016,7595,33.177090190915074
2016-09-01,Larimer,4343498.0,2016,338663,12.825428228061524
2016-09-01,Las Animas,2485885.0,2016,14082,176.529257207783
2016-09-01,Montezuma,1439910.0,2016,26906,53.5163160633316
2016-09-01,Morgan,652609.0,2016,28148,23.184915446923405
2016-09-01,Ouray,515896.0,2016,4844,106.50206440957886
2016-09-01,Park,359173.0,2016,17285,20.779461961238066
2016-09-01,Pitkin,852785.0,2016,17773,47.98205142632082
2016-09-01,Pueblo,3140055.0,2016,165109,19.01807290941136
2016-09-01,Routt,835572.0,2016,24679,33.857611734673206
2016-10-01,Adams,4578245.0,2016,497673,9.19930355876248
2016-10-01,Arapahoe,8954428.0,2016,637254,14.051583826857108
2016-10-01,Boulder,5993882.0,2016,321989,18.61517629484237
2016-10-01,Chaffee,352254.0,2016,19097,18.44551500235639
2016-10-01,Clear Creek,486814.0,2016,9443,51.55289632532034
2016-10-01,Conejos,380038.0,2016,8039,47.27428784674711
2016-10-01,Costilla,265876.0,2016,3707,71.72268680874022
2016-10-01,Denver,28578229.0,2016,693292,41.22105692839381
2016-10-01,Eagle,852099.0,2016,53928,15.800678682688028
2016-10-01,Garfield,1608072.0,2016,58984,27.26285094262851
2016-10-01,Gilpin,253131.0,2016,5926,42.715322308471144
2016-10-01,Grand,258512.0,2016,15039,17.18944078728639
2016-10-01,Gunnison,481440.0,2016,16394,29.36684152738807
2016-10-01,Jefferson,4226976.0,2016,571711,7.393553736065949
2016-10-01,La Plata,1954316.0,2016,55697,35.08835305312674
2016-10-01,Lake,198027.0,2016,7595,26.07333772218565
2016-10-01,Larimer,4204839.0,2016,338663,12.415997614147397
2016-10-01,Las Animas,2343718.0,2016,14082,166.4336031813663
2016-10-01,Montezuma,1412949.0,2016,26906,52.51427190961124
2016-10-01,Morgan,621119.0,2016,28148,22.066185874662498
2016-10-01,Ouray,404670.0,2016,4844,83.54046242774567
2016-10-01,Park,304140.0,2016,17285,17.595603124096037
2016-10-01,Pitkin,527278.0,2016,17773,29.6673606031621
2016-10-01,Pueblo,2730719.0,2016,165109,16.53888643259907
2016-10-01,Routt,665803.0,2016,24679,26.97852425138782
2016-11-01,Adams,4396031.0,2016,497673,8.833171580535813
2016-11-01,Arapahoe,8514717.0,2016,637254,13.361574819459744
2016-11-01,Boulder,5444937.0,2016,321989,16.910319917761164
2016-11-01,Chaffee,308023.0,2016,19097,16.129392051107505
2016-11-01,Clear Creek,431209.0,2016,9443,45.66440749761728
2016-11-01,Conejos,320078.0,2016,8039,39.81564871252643
2016-11-01,Costilla,228406.0,2016,3707,61.61478284326949
2016-11-01,Denver,26146211.0,2016,693292,37.71312953272214
2016-11-01,Eagle,886933.0,2016,53928,16.446614003856993
2016-11-01,Garfield,1372095.0,2016,58984,23.262155838871557
2016-11-01,Gilpin,187219.0,2016,5926,31.59281133985825
2016-11-01,Grand,250357.0,2016,15039,16.647183988297094
2016-11-01,Gunnison,390416.0,2016,16394,23.81456630474564
2016-11-01,Jefferson,3935409.0,2016,571711,6.883563548716047
2016-11-01,La Plata,1718599.0,2016,55697,30.856222058638707
2016-11-01,Larimer,3964140.0,2016,338663,11.705264525501752
2016-11-01,Las Animas,2305460.0,2016,14082,163.71680159068313
2016-11-01,Montezuma,1212346.0,2016,26906,45.058574295696125
2016-11-01,Morgan,558715.0,2016,28148,19.84918999573682
2016-11-01,Ouray,298217.0,2016,4844,61.56420313790256
2016-11-01,Park,277990.0,2016,17285,16.082730691350882
2016-11-01,Pitkin,445008.0,2016,17773,25.038429077814662
2016-11-01,Pueblo,2583047.0,2016,165109,15.644495454517925
2016-11-01,Routt,593501.0,2016,24679,24.04882693788241
2016-12-01,Adams,4593466.0,2016,497673,9.229887898278589
2016-12-01,Arapahoe,9260969.0,2016,637254,14.532618076936355
2016-12-01,Boulder,5821440.0,2016,321989,18.079623838081424
2016-12-01,Chaffee,351614.0,2016,19097,18.412001885112844
2016-12-01,Clear Creek,526729.0,2016,9443,55.779836916234245
2016-12-01,Conejos,339375.0,2016,8039,42.21607165070282
2016-12-01,Costilla,223780.0,2016,3707,60.36687348260048
2016-12-01,Denver,27400081.0,2016,693292,39.52170369772044
2016-12-01,Eagle,1398924.0,2016,53928,25.940587449933243
2016-12-01,Garfield,1451481.0,2016,58984,24.608046249830462
2016-12-01,Gilpin,204163.0,2016,5926,34.452075599055014
2016-12-01,Grand,390044.0,2016,15039,25.935501030653633
2016-12-01,Gunnison,530400.0,2016,16394,32.35329998780041
2016-12-01,Jefferson,4354956.0,2016,571711,7.617408096048528
2016-12-01,La Plata,2011310.0,2016,55697,36.11163976515791
2016-12-01,Lake,182830.0,2016,7595,24.072416063199473
2016-12-01,Larimer,4145435.0,2016,338663,12.240590203240389
2016-12-01,Las Animas,2389493.0,2016,14082,169.6842067888084
2016-12-01,Montezuma,1211288.0,2016,26906,45.01925221140266
2016-12-01,Morgan,579314.0,2016,28148,20.581000426318035
2016-12-01,Ouray,334503.0,2016,4844,69.05511973575557
2016-12-01,Park,301869.0,2016,17285,17.464217529649986
2016-12-01,Pitkin,1065431.0,2016,17773,59.94660439993248
2016-12-01,Pueblo,2566125.0,2016,165109,15.542005584189837
2016-12-01,Routt,789398.0,2016,24679,31.98662830746789
2017-01-01,Adams,4192709.0,2017,509473.337156029,8.229496411734614
2017-01-01,Arapahoe,8481055.0,2017,646724.941049927,13.113851750067676
2017-01-01,Boulder,5351831.0,2017,325606.872419941,16.436480471756283
2017-01-01,Chaffee,316009.0,2017,19391.2123457374,16.296505569929746
2017-01-01,Clear Creek,584198.0,2017,9455.70458024601,61.78259854061566
2017-01-01,Conejos,294331.0,2017,8056.22689193073,36.53459664781879
2017-01-01,Costilla,214330.0,2017,3737.68068930767,57.34304715037076
2017-01-01,Denver,25681498.0,2017,703462.16070098,36.507291272652274
2017-01-01,Eagle,1297711.0,2017,54841.8910996237,23.662768988812353
2017-01-01,Garfield,1373945.0,2017,60271.5270430257,22.79592151397109
2017-01-01,Gilpin,157003.0,2017,5962.30671666961,26.332593652226233
2017-01-01,Grand,378163.0,2017,15370.7080275697,24.60283542708034
2017-01-01,Gunnison,546542.0,2017,16609.3561534509,32.90567045167767
2017-01-01,Jefferson,4098431.0,2017,578626.98619088,7.083027749846413
2017-01-01,La Plata,1655168.0,2017,57004.0980447239,29.035947533129974
2017-01-01,Lake,188571.0,2017,7624.86579910563,24.731058220345165
2017-01-01,Larimer,3695944.0,2017,345034.980860027,10.711795049845575
2017-01-01,Las Animas,2162976.0,2017,14083.1216269246,153.5864034479932
2017-01-01,Montezuma,1146208.0,2017,27445.1798814535,41.76354481737493
2017-01-01,Ouray,326182.0,2017,4912.85660613429,66.39355188847212
2017-01-01,Park,267804.0,2017,17608.3620720407,15.208910340685831
2017-01-01,Pitkin,1164037.0,2017,18005.8118392542,64.64784872750367
2017-01-01,Pueblo,2334107.0,2017,167022.450447663,13.974809935694243
2017-01-01,Routt,938153.0,2017,25135.970783283,37.323125813940344
2017-02-01,Adams,4117924.0,2017,509473.337156029,8.08270757207234
2017-02-01,Arapahoe,8243087.0,2017,646724.941049927,12.745893156088494
2017-02-01,Archuleta,498578.0,2017,13152.2655436009,37.908145813143044
2017-02-01,Boulder,5165008.0,2017,325606.872419941,15.862711869725516
2017-02-01,Chaffee,311277.0,2017,19391.2123457374,16.052477506308435
2017-02-01,Clear Creek,551247.0,2017,9455.70458024601,58.29782385033629
2017-02-01,Conejos,331768.0,2017,8056.22689193073,41.1815611017988
2017-02-01,Costilla,214658.0,2017,3737.68068930767,57.43080210518493
2017-02-01,Denver,25223748.0,2017,703462.16070098,35.85658107731801
2017-02-01,Eagle,1277562.0,2017,54841.8910996237,23.29536736213617
2017-02-01,Garfield,1492785.0,2017,60271.5270430257,24.767665151977216
2017-02-01,Gilpin,180512.0,2017,5962.30671666961,30.27553069272983
2017-02-01,Grand,366095.0,2017,15370.7080275697,23.81770568690479
2017-02-01,Gunnison,493440.0,2017,16609.3561534509,29.708556758082327
2017-02-01,Jefferson,3970982.0,2017,578626.98619088,6.862766678307042
2017-02-01,La Plata,1708769.0,2017,57004.0980447239,29.97624835076498
2017-02-01,Lake,187885.0,2017,7624.86579910563,24.64108942376904
2017-02-01,Larimer,3771110.0,2017,345034.980860027,10.929645424936943
2017-02-01,Las Animas,2558480.0,2017,14083.1216269246,181.6699498716683
2017-02-01,Montezuma,1275430.0,2017,27445.1798814535,46.471912572957535
2017-02-01,Morgan,623494.0,2017,28435.356041826,21.92671683389134
2017-02-01,Ouray,331947.0,2017,4912.85660613429,67.56700360143311
2017-02-01,Park,275968.0,2017,17608.3620720407,15.672553691873114
2017-02-01,Pitkin,1076901.0,2017,18005.8118392542,59.80852236011177
2017-02-01,Pueblo,2575500.0,2017,167022.450447663,15.420082708025177
2017-02-01,Routt,912576.0,2017,25135.970783283,36.305580073593994
2017-03-01,Adams,5044686.0,2017,509473.337156029,9.901766455847005
2017-03-01,Arapahoe,10106784.0,2017,646724.941049927,15.62763913757852
2017-03-01,Archuleta,605222.0,2017,13152.2655436009,46.01655874371123
2017-03-01,Boulder,6322530.0,2017,325606.872419941,19.41767983276999
2017-03-01,Chaffee,423717.0,2017,19391.2123457374,21.85098035364158
2017-03-01,Clear Creek,640228.0,2017,9455.70458024601,67.708122072416
2017-03-01,Conejos,401292.0,2017,8056.22689193073,49.81140742224399
2017-03-01,Costilla,295783.0,2017,3737.68068930767,79.13543841402563
2017-03-01,Denver,30626743.0,2017,703462.16070098,43.53715766244104
2017-03-01,Eagle,1472005.0,2017,54841.8910996237,26.840886965878173
2017-03-01,Garfield,1854980.0,2017,60271.5270430257,30.77705329542747
2017-03-01,Gilpin,216220.0,2017,5962.30671666961,36.2644879364366
2017-03-01,Grand,452276.0,2017,15370.7080275697,29.42453914216406
2017-03-01,Gunnison,617409.0,2017,16609.3561534509,37.17236202871849
2017-03-01,Jefferson,4831958.0,2017,578626.98619088,8.350730462484881
2017-03-01,La Plata,2125562.0,2017,57004.0980447239,37.287880571890476
2017-03-01,Larimer,4573556.0,2017,345034.980860027,13.255340048710567
2017-03-01,Las Animas,3349342.0,2017,14083.1216269246,237.82667569927196
2017-03-01,Montezuma,1684919.0,2017,27445.1798814535,61.392164572352094
2017-03-01,Park,356540.0,2017,17608.3620720407,20.248334202880187
2017-03-01,Pitkin,1277247.0,2017,18005.8118392542,70.93526309185866
2017-03-01,Pueblo,3341395.0,2017,167022.450447663,20.00566385563261
2017-03-01,Routt,1010851.0,2017,25135.970783283,40.21531568107485
2017-04-01,Adams,4969567.0,2017,509473.337156029,9.754322037225753
2017-04-01,Arapahoe,9966130.0,2017,646724.941049927,15.410152550820856
2017-04-01,Archuleta,409149.0,2017,13152.2655436009,31.108632854441357
2017-04-01,Boulder,5899546.0,2017,325606.872419941,18.118616342935322
2017-04-01,Chaffee,356366.0,2017,19391.2123457374,18.37770602714981
2017-04-01,Clear Creek,478629.0,2017,9455.70458024601,50.61801539357604
2017-04-01,Conejos,404901.0,2017,8056.22689193073,50.25938388174699
2017-04-01,Costilla,256910.0,2017,3737.68068930767,68.73513854057646
2017-04-01,Denver,30186897.0,2017,703462.16070098,42.91189872944924
2017-04-01,Eagle,938098.0,2017,54841.8910996237,17.105500579764595
2017-04-01,Garfield,1809692.0,2017,60271.5270430257,30.02565371718764
2017-04-01,Gilpin,191824.0,2017,5962.30671666961,32.17278297067346
2017-04-01,Grand,265989.0,2017,15370.7080275697,17.304928278053836
2017-04-01,Gunnison,432842.0,2017,16609.3561534509,26.06013116950768
2017-04-01,Jefferson,4695857.0,2017,578626.98619088,8.115516752706226
2017-04-01,La Plata,1867263.0,2017,57004.0980447239,32.756644943930084
2017-04-01,Lake,196156.0,2017,7624.86579910563,25.725829826802777
2017-04-01,Larimer,4578590.0,2017,345034.980860027,13.269929873740633
2017-04-01,Las Animas,2875977.0,2017,14083.1216269246,204.21445445032637
2017-04-01,Montezuma,1683864.0,2017,27445.1798814535,61.35372430690086
2017-04-01,Park,301838.0,2017,17608.3620720407,17.141742018087594
2017-04-01,Pitkin,625875.0,2017,18005.8118392542,34.75961015184772
2017-04-01,Pueblo,3094658.0,2017,167022.450447663,18.52839538460562
2017-04-01,Routt,689882.0,2017,25135.970783283,27.446005803715163
2017-05-01,Adams,5013781.0,2017,509473.337156029,9.841105774028959
2017-05-01,Arapahoe,9370054.0,2017,646724.941049927,14.488468598084628
2017-05-01,Boulder,6368428.0,2017,325606.872419941,19.55864123097047
2017-05-01,Chaffee,433627.0,2017,19391.2123457374,22.36203659000828
2017-05-01,Clear Creek,460991.0,2017,9455.70458024601,48.75268639029397
2017-05-01,Conejos,444090.0,2017,8056.22689193073,55.12381986718981
2017-05-01,Costilla,332894.0,2017,3737.68068930767,89.06432295094258
2017-05-01,Denver,30503582.0,2017,703462.16070098,43.36207930445619
2017-05-01,Eagle,689235.0,2017,54841.8910996237,12.567673838014846
2017-05-01,Garfield,1911323.0,2017,60271.5270430257,31.71187281575883
2017-05-01,Gilpin,196823.0,2017,5962.30671666961,33.01121685835381
2017-05-01,Grand,218635.0,2017,15370.7080275697,14.22413330653636
2017-05-01,Gunnison,444435.0,2017,16609.3561534509,26.75811126535814
2017-05-01,Jefferson,4370646.0,2017,578626.98619088,7.553477636382125
2017-05-01,La Plata,1980269.0,2017,57004.0980447239,34.739063820399956
2017-05-01,Lake,197459.0,2017,7624.86579910563,25.896718080357722
2017-05-01,Larimer,4562024.0,2017,345034.980860027,13.221917350608317
2017-05-01,Las Animas,3471581.0,2017,14083.1216269246,246.50649848559934
2017-05-01,Montezuma,1766079.0,2017,27445.1798814535,64.34933229180454
2017-05-01,Morgan,841413.0,2017,28435.356041826,29.590380326603007
2017-05-01,Ouray,465454.0,2017,4912.85660613429,94.74202837893232
2017-05-01,Park,314186.0,2017,17608.3620720407,17.84299974719839
2017-05-01,Pitkin,485392.0,2017,18005.8118392542,26.957518179869247
2017-05-01,Pueblo,3276386.0,2017,167022.450447663,19.616440731281607
2017-05-01,Routt,634839.0,2017,25135.970783283,25.256195810913653
2017-06-01,Adams,5137782.0,2017,509473.337156029,10.084496332389081
2017-06-01,Arapahoe,9314356.0,2017,646724.941049927,14.402345431240967
2017-06-01,Archuleta,691943.0,2017,13152.2655436009,52.610175616219806
2017-06-01,Boulder,6880933.0,2017,325606.872419941,21.132640563942207
2017-06-01,Chaffee,559238.0,2017,19391.2123457374,28.839764633021122
2017-06-01,Clear Creek,581672.0,2017,9455.70458024601,61.51545821505208
2017-06-01,Conejos,510132.0,2017,8056.22689193073,63.32145393161132
2017-06-01,Costilla,403056.0,2017,3737.68068930767,107.83585691335715
2017-06-01,Denver,31586804.0,2017,703462.16070098,44.90192332239256
2017-06-01,Eagle,916059.0,2017,54841.8910996237,16.70363624653136
2017-06-01,Garfield,2042113.0,2017,60271.5270430257,33.88188586199597
2017-06-01,Gilpin,256404.0,2017,5962.30671666961,43.00416133962673
2017-06-01,Grand,330529.0,2017,15370.7080275697,21.50382398827341
2017-06-01,Gunnison,522302.0,2017,16609.3561534509,31.446252050624018
2017-06-01,Jefferson,4405653.0,2017,578626.98619088,7.613977752753212
2017-06-01,La Plata,2206045.0,2017,57004.0980447239,38.699761520113796
2017-06-01,Lake,248265.0,2017,7624.86579910563,32.559917320659025
2017-06-01,Larimer,4929421.0,2017,345034.980860027,14.286728225970096
2017-06-01,Las Animas,3836814.0,2017,14083.1216269246,272.44059247948593
2017-06-01,Montezuma,1863923.0,2017,27445.1798814535,67.91440274944507
2017-06-01,Morgan,860998.0,2017,28435.356041826,30.279135549895873
2017-06-01,Ouray,583159.0,2017,4912.85660613429,118.70059453228416
2017-06-01,Park,375371.0,2017,17608.3620720407,21.31776927713395
2017-06-01,Pitkin,880604.0,2017,18005.8118392542,48.90665346619965
2017-06-01,Pueblo,3465138.0,2017,167022.450447663,20.746540304686835
2017-06-01,Routt,796881.0,2017,25135.970783283,31.70281374332182
2017-07-01,Adams,5462382.0,2017,509473.337156029,10.72162486557587
2017-07-01,Arapahoe,9672770.0,2017,646724.941049927,14.956543943236085
2017-07-01,Archuleta,884084.0,2017,13152.2655436009,67.21914160485773
2017-07-01,Boulder,7070534.0,2017,325606.872419941,21.71494092692554
2017-07-01,Chaffee,662413.0,2017,19391.2123457374,34.160473733640096
2017-07-01,Clear Creek,678322.0,2017,9455.70458024601,71.7368012339438
2017-07-01,Conejos,586118.0,2017,8056.22689193073,72.75341271570528
2017-07-01,Costilla,453934.0,2017,3737.68068930767,121.44804164212383
2017-07-01,Denver,34007419.0,2017,703462.16070098,48.34292574615893
2017-07-01,Eagle,1159081.0,2017,54841.8910996237,21.13495681420718
2017-07-01,Garfield,2128843.0,2017,60271.5270430257,35.320873793031566
2017-07-01,Gilpin,271414.0,2017,5962.30671666961,45.5216433668486
2017-07-01,Grand,455029.0,2017,15370.7080275697,29.60364605090646
2017-07-01,Gunnison,892740.0,2017,16609.3561534509,53.74922373583499
2017-07-01,Jefferson,4525746.0,2017,578626.98619088,7.821525970976797
2017-07-01,La Plata,2366747.0,2017,57004.0980447239,41.518892170578916
2017-07-01,Lake,320873.0,2017,7624.86579910563,42.082445574010926
2017-07-01,Larimer,5303480.0,2017,345034.980860027,15.370847288528996
2017-07-01,Las Animas,4383708.0,2017,14083.1216269246,311.2738862965633
2017-07-01,Montezuma,1884658.0,2017,27445.1798814535,68.66990881971178
2017-07-01,Morgan,909700.0,2017,28435.356041826,31.991862477892255
2017-07-01,Park,465717.0,2017,17608.3620720407,26.44862697022144
2017-07-01,Pitkin,1267251.0,2017,18005.8118392542,70.38010900665336
2017-07-01,Pueblo,3762112.0,2017,167022.450447663,22.52458870000156
2017-07-01,Routt,1009377.0,2017,25135.970783283,40.156674619915584
2017-08-01,Adams,5481342.0,2017,509473.337156029,10.758839766959795
2017-08-01,Arapahoe,9187128.0,2017,646724.941049927,14.205618829366836
2017-08-01,Archuleta,776784.0,2017,13152.2655436009,59.06085133583212
2017-08-01,Boulder,7401555.0,2017,325606.872419941,22.731568731921858
2017-08-01,Chaffee,614319.0,2017,19391.2123457374,31.680278109843933
2017-08-01,Clear Creek,632988.0,2017,9455.70458024601,66.94244671331847
2017-08-01,Conejos,571105.0,2017,8056.22689193073,70.88988526031083
2017-08-01,Costilla,400679.0,2017,3737.68068930767,107.19990103654834
2017-08-01,Denver,35043361.0,2017,703462.16070098,49.81555932600595
2017-08-01,Eagle,1394312.0,2017,54841.8910996237,25.424214447075606
2017-08-01,Garfield,2108270.0,2017,60271.5270430257,34.979535170810934
2017-08-01,Gilpin,251283.0,2017,5962.30671666961,42.145265572711125
2017-08-01,Grand,426846.0,2017,15370.7080275697,27.77009355941098
2017-08-01,Gunnison,809595.0,2017,16609.3561534509,48.74331024756741
2017-08-01,Jefferson,4474575.0,2017,578626.98619088,7.733090759309847
2017-08-01,La Plata,2289292.0,2017,57004.0980447239,40.160130210355796
2017-08-01,Lake,322375.0,2017,7624.86579910563,42.2794326475639
2017-08-01,Larimer,5554496.0,2017,345034.980860027,16.09835613234049
2017-08-01,Las Animas,4437323.0,2017,14083.1216269246,315.0809257740537
2017-08-01,Montezuma,1862970.0,2017,27445.1798814535,67.87967898359196
2017-08-01,Morgan,964989.0,2017,28435.356041826,33.936237639528166
2017-08-01,Ouray,621133.0,2017,4912.85660613429,126.43010977044212
2017-08-01,Park,455141.0,2017,17608.3620720407,25.8480032462924
2017-08-01,Pitkin,1205815.0,2017,18005.8118392542,66.9680995650094
2017-08-01,Pueblo,3815493.0,2017,167022.450447663,22.84419244103712
2017-08-01,Routt,976301.0,2017,25135.970783283,38.84079148633088
2017-09-01,Adams,5591544.0,2017,509473.337156029,10.975145492820086
2017-09-01,Arapahoe,9476898.0,2017,646724.941049927,14.65367639079252
2017-09-01,Archuleta,715518.0,2017,13152.2655436009,54.40264246703321
2017-09-01,Boulder,7089840.0,2017,325606.872419941,21.77423328723881
2017-09-01,Chaffee,547218.0,2017,19391.2123457374,28.219896221201978
2017-09-01,Clear Creek,570485.0,2017,9455.70458024601,60.332362877728315
2017-09-01,Conejos,555120.0,2017,8056.22689193073,68.90570579088565
2017-09-01,Costilla,424241.0,2017,3737.68068930767,113.5038103210957
2017-09-01,Denver,34766657.0,2017,703462.16070098,49.42221336447723
2017-09-01,Eagle,1212598.0,2017,54841.8910996237,22.110798436859888
2017-09-01,Garfield,2104540.0,2017,60271.5270430257,34.91764856891122
2017-09-01,Gilpin,266428.0,2017,5962.30671666961,44.68538984334905
2017-09-01,Grand,355550.0,2017,15370.7080275697,23.131660517021533
2017-09-01,Gunnison,728296.0,2017,16609.3561534509,43.84853893621175
2017-09-01,Jefferson,4335662.0,2017,578626.98619088,7.493017269280513
2017-09-01,La Plata,2211371.0,2017,57004.0980447239,38.79319339927135
2017-09-01,Lake,272842.0,2017,7624.86579910563,35.78318716534046
2017-09-01,Larimer,5491456.0,2017,345034.980860027,15.915650019925838
2017-09-01,Las Animas,4669330.0,2017,14083.1216269246,331.5550432421895
2017-09-01,Mesa,931484.0,2017,152002.962959561,6.128064755210152
2017-09-01,Montezuma,1890596.0,2017,27445.1798814535,68.8862673943558
2017-09-01,Morgan,972694.0,2017,28435.356041826,34.207203123085556
2017-09-01,Ouray,641630.0,2017,4912.85660613429,130.6022242128639
2017-09-01,Park,401682.0,2017,17608.3620720407,22.812002522245244
2017-09-01,Pitkin,1058088.0,2017,18005.8118392542,58.76369304789014
2017-09-01,Pueblo,3869882.0,2017,167022.450447663,23.169831298892596
2017-09-01,Routt,924592.0,2017,25135.970783283,36.783620094550386
2017-09-01,Saguache,151900.0,2017,6457.89919587771,23.521581150873768
2017-10-01,Adams,5441728.0,2017,509473.337156029,10.681084961926949
2017-10-01,Arapahoe,9221783.0,2017,646724.941049927,14.259204206704748
2017-10-01,Archuleta,574929.0,2017,13152.2655436009,43.713305368878125
2017-10-01,Boulder,6744069.0,2017,325606.872419941,20.712305455586495
2017-10-01,Chaffee,452091.0,2017,19391.2123457374,23.314220479844273
2017-10-01,Clear Creek,485097.0,2017,9455.70458024601,51.30204691604051
2017-10-01,Conejos,469150.0,2017,8056.22689193073,58.2344571836612
2017-10-01,Costilla,356750.0,2017,3737.68068930767,95.44689064010996
2017-10-01,Denver,33586096.0,2017,703462.16070098,47.74399800912165
2017-10-01,Eagle,982903.0,2017,54841.8910996237,17.92248553600195
2017-10-01,Garfield,1773496.0,2017,60271.5270430257,29.425104805026166
2017-10-01,Gilpin,197522.0,2017,5962.30671666961,33.12845336315249
2017-10-01,Gunnison,562053.0,2017,16609.3561534509,33.839541690074675
2017-10-01,Jefferson,4104272.0,2017,578626.98619088,7.093122336064128
2017-10-01,La Plata,1971031.0,2017,57004.0980447239,34.57700529624346
2017-10-01,Lake,205966.0,2017,7624.86579910563,27.012409847811234
2017-10-01,Larimer,5315541.0,2017,345034.980860027,15.40580316450985
2017-10-01,Las Animas,4192076.0,2017,14083.1216269246,297.66667583026793
2017-10-01,Mesa,1007121.0,2017,152002.962959561,6.625666897479724
2017-10-01,Montezuma,1759476.0,2017,27445.1798814535,64.10874359723154
2017-10-01,Morgan,944046.0,2017,28435.356041826,33.1997249695551
2017-10-01,Ouray,504899.0,2017,4912.85660613429,102.77096208539308
2017-10-01,Park,344712.0,2017,17608.3620720407,19.57660789741189
2017-10-01,Pitkin,703705.0,2017,18005.8118392542,39.082103394297576
2017-10-01,Pueblo,3525795.0,2017,167022.450447663,21.10970705165662
2017-10-01,Routt,771913.0,2017,25135.970783283,30.709496229736654
2017-10-01,Saguache,117885.0,2017,6457.89919587771,18.254388373737683
2017-11-01,Adams,5558469.0,2017,509473.337156029,10.910225510579934
2017-11-01,Arapahoe,9034873.0,2017,646724.941049927,13.970194168377542
2017-11-01,Archuleta,508490.0,2017,13152.2655436009,38.661780232030104
2017-11-01,Boulder,6329971.0,2017,325606.872419941,19.440532544522352
2017-11-01,Chaffee,347798.0,2017,19391.2123457374,17.935856397160922
2017-11-01,Clear Creek,453940.0,2017,9455.70458024601,48.00699896529443
2017-11-01,Conejos,424081.0,2017,8056.22689193073,52.64015098988431
2017-11-01,Costilla,247946.0,2017,3737.68068930767,66.33685983644766
2017-11-01,Denver,31195308.0,2017,703462.16070098,44.34539587589866
2017-11-01,Eagle,980728.0,2017,54841.8910996237,17.882826072106933
2017-11-01,Garfield,1581537.0,2017,60271.5270430257,26.24020126238044
2017-11-01,Gilpin,188913.0,2017,5962.30671666961,31.68454911449472
2017-11-01,Grand,272045.0,2017,15370.7080275697,17.698924442000067
2017-11-01,Gunnison,433357.0,2017,16609.3561534509,26.091137789827098
2017-11-01,Jefferson,3678694.0,2017,578626.98619088,6.357626048893711
2017-11-01,La Plata,1753119.0,2017,57004.0980447239,30.7542625904641
2017-11-01,Lake,174191.0,2017,7624.86579910563,22.845123388326652
2017-11-01,Larimer,5125412.0,2017,345034.980860027,14.854760486094786
2017-11-01,Las Animas,3956545.0,2017,14083.1216269246,280.9423297485225
2017-11-01,Mesa,963023.0,2017,152002.962959561,6.335554131640206
2017-11-01,Montezuma,1658451.0,2017,27445.1798814535,60.42776936290819
2017-11-01,Morgan,880963.0,2017,28435.356041826,30.98125441806243
2017-11-01,Park,323525.0,2017,17608.3620720407,18.37337275757787
2017-11-01,Pitkin,571977.0,2017,18005.8118392542,31.766243316674096
2017-11-01,Pueblo,3320340.0,2017,167022.450447663,19.87960295816902
2017-11-01,Routt,661206.0,2017,25135.970783283,26.305170613889462
2017-11-01,Saguache,95793.0,2017,6457.89919587771,14.83346164045853
